<?xml version="1.0" encoding="UTF-8"?>
<project-private xmlns="http://www.netbeans.org/ns/project-private/1">
    <editor-bookmarks xmlns="http://www.netbeans.org/ns/editor-bookmarks/2" lastBookmarkId="0"/>
    <open-files xmlns="http://www.netbeans.org/ns/projectui-open-files/2">
        <group>
            <file>file:/E:/login/src/Delete.java</file>
            <file>file:/E:/login/src/democon.java</file>
            <file>file:/E:/login/src/payroll.java</file>
            <file>file:/E:/login/src/home.java</file>
            <file>file:/E:/login/src/Project/NewClass.java</file>
            <file>file:/E:/login/src/update.java</file>
            <file>file:/E:/login/src/employee.java</file>
            <file>file:/E:/login/src/view.java</file>
        </group>
    </open-files>
</project-private>
